{
  "timestamp" : "2026-06-05T22:33:29.623609900Z",
  "corpus_size" : 12879,
  "query_count" : 22,
  "baseline_metrics" : {
    "ndcg_at_10" : 0.09052535791093058,
    "mrr_at_10" : 0.17424242424242423,
    "recall_at_10" : 0.06818181818181818,
    "avg_latency_ms" : 103.95454545454545
  },
  "cognitive_metrics" : {
    "ndcg_at_10" : 0.3094028619274313,
    "mrr_at_10" : 0.44090909090909086,
    "recall_at_10" : 0.2897727272727273,
    "avg_latency_ms" : 103.95454545454545
  },
  "similarity_metrics" : {
    "ndcg_at_10" : 0.29308334503238687,
    "mrr_at_10" : 0.4484848484848485,
    "recall_at_10" : 0.2727272727272727,
    "avg_latency_ms" : 103.95454545454545
  },
  "subsystem_contributions" : {
    "hebbian_pct" : 18.181818181818183,
    "temporal_pct" : 27.27272727272727,
    "entity_pct" : 18.181818181818183,
    "importance_pct" : 9.090909090909092,
    "valence_pct" : 0.0,
    "tag_gating_pct" : 0.0
  },
  "per_profile_ndcg" : {
    "BALANCED" : 0.2996576003995426,
    "DEBUGGING" : 0.36129043767789254,
    "RECALLING" : 0.3047543256115568,
    "CRITICAL" : 0.7927582994933312,
    "DIVERGENT" : 0.0,
    "THE_EXECUTOR" : 0.0,
    "PARANOID_SENTINEL" : 0.4045878367133387,
    "HYPERFOCUS" : 0.7931974766830563,
    "SYSTEMATIZER" : 0.05618595712399973
  },
  "win_tie_loss" : {
    "wins" : 14,
    "ties" : 5,
    "losses" : 3
  },
  "cohens_d" : 0.7484771488026503,
  "p_value" : 4.470675946386393E-4,
  "similarity_vs_baseline" : {
    "cohens_d" : 0.780794479327489,
    "p_value" : 2.500747289735372E-4
  },
  "cognitive_vs_similarity" : {
    "cohens_d" : 0.11406724172814284,
    "p_value" : 0.5926340497987237
  }
}