{
  "timestamp" : "2026-06-05T23:30:53.241981200Z",
  "corpus_size" : 12879,
  "query_count" : 22,
  "baseline_metrics" : {
    "ndcg_at_10" : 0.09052535791093058,
    "mrr_at_10" : 0.17424242424242423,
    "recall_at_10" : 0.06818181818181818,
    "avg_latency_ms" : 174.0909090909091
  },
  "cognitive_metrics" : {
    "ndcg_at_10" : 0.5449420470098366,
    "mrr_at_10" : 0.7655844155844155,
    "recall_at_10" : 0.4659090909090909,
    "avg_latency_ms" : 174.0909090909091
  },
  "similarity_metrics" : {
    "ndcg_at_10" : 0.29308334503238687,
    "mrr_at_10" : 0.4484848484848485,
    "recall_at_10" : 0.2727272727272727,
    "avg_latency_ms" : 174.0909090909091
  },
  "subsystem_contributions" : {
    "hebbian_pct" : 22.727272727272727,
    "temporal_pct" : 36.36363636363637,
    "entity_pct" : 18.181818181818183,
    "importance_pct" : 81.81818181818183,
    "valence_pct" : 0.0,
    "tag_gating_pct" : 0.0
  },
  "per_profile_ndcg" : {
    "BALANCED" : 0.5395314841098038,
    "DEBUGGING" : 0.5612240995298889,
    "RECALLING" : 0.5922919244160076,
    "CRITICAL" : 0.8316671410494697,
    "DIVERGENT" : 0.39418796039154014,
    "THE_EXECUTOR" : 0.1140333989242392,
    "PARANOID_SENTINEL" : 0.5878039936957775,
    "HYPERFOCUS" : 0.7931974766830563,
    "SYSTEMATIZER" : 0.5066692121798324
  },
  "win_tie_loss" : {
    "wins" : 18,
    "ties" : 3,
    "losses" : 1
  },
  "cohens_d" : 1.4537530958960228,
  "p_value" : 9.240608278560103E-12,
  "similarity_vs_baseline" : {
    "cohens_d" : 0.780794479327489,
    "p_value" : 2.500747289735372E-4
  },
  "cognitive_vs_similarity" : {
    "cohens_d" : 1.2625421051679278,
    "p_value" : 3.1942499756354437E-9
  }
}