{
  "timestamp" : "2026-06-05T23:48:32.785245800Z",
  "corpus_size" : 12879,
  "query_count" : 22,
  "baseline_metrics" : {
    "ndcg_at_10" : 0.09052535791093058,
    "mrr_at_10" : 0.17424242424242423,
    "recall_at_10" : 0.06818181818181818,
    "avg_latency_ms" : 110.72727272727273
  },
  "cognitive_metrics" : {
    "ndcg_at_10" : 0.2697649009540656,
    "mrr_at_10" : 0.3803030303030303,
    "recall_at_10" : 0.26704545454545453,
    "avg_latency_ms" : 110.72727272727273
  },
  "similarity_metrics" : {
    "ndcg_at_10" : 0.29308334503238687,
    "mrr_at_10" : 0.4484848484848485,
    "recall_at_10" : 0.2727272727272727,
    "avg_latency_ms" : 110.72727272727273
  },
  "subsystem_contributions" : {
    "hebbian_pct" : 18.181818181818183,
    "temporal_pct" : 27.27272727272727,
    "entity_pct" : 18.181818181818183,
    "importance_pct" : 4.545454545454546,
    "valence_pct" : 0.0,
    "tag_gating_pct" : 0.0
  },
  "per_profile_ndcg" : {
    "BALANCED" : 0.2902079962576841,
    "DEBUGGING" : 0.36129043767789254,
    "RECALLING" : 0.31258351395535405,
    "CRITICAL" : 0.7927582994933312,
    "DIVERGENT" : 0.0,
    "THE_EXECUTOR" : 0.0,
    "PARANOID_SENTINEL" : 0.4045878367133387,
    "HYPERFOCUS" : 0.0,
    "SYSTEMATIZER" : 0.05618595712399973
  },
  "win_tie_loss" : {
    "wins" : 13,
    "ties" : 6,
    "losses" : 3
  },
  "cohens_d" : 0.6893925446734259,
  "p_value" : 0.0012227969262506022,
  "similarity_vs_baseline" : {
    "cohens_d" : 0.780794479327489,
    "p_value" : 2.500747289735372E-4
  },
  "cognitive_vs_similarity" : {
    "cohens_d" : -0.36460037225080766,
    "p_value" : 0.08724226227152143
  }
}